timestamp,stage,model_rmse,model_ndcg,base_rmse,base_ndcg,lift_percent
2025-12-05 21:06:53,adaptive_verify,12.4914,0.9845,2.9654, 0.9688, +1.62%
2025-12-05 21:18:21,adaptive_verify,12.6828,0.9912,2.9654,0.9688, +2.32%
2025-12-05 21:41:09,adaptive_verify,12.3587,0.9816,2.9654,0.9688,+1.33%
2025-12-05 21:52:56,adaptive_verify,12.4618,0.9721,2.9654,0.9688,+0.34%
2025-12-05 22:25:57,adaptive_verify,11.6168,0.9901, 2.9654, 0.9864, +0.38%
2025-12-05 22:37:40,adaptive_verify,11.4712,0.9897, 2.9654, 0.9894, +0.03%
2025-12-05 22:59:22,adaptive_verify,11.4592,0.9839, 2.9654, 0.9562, +2.89%
2025-12-05 23:10:59,adaptive_verify,11.4925,0.9869, 2.9654, 0.9359, +5.45%
2025-12-05 23:22:24,adaptive_verify,11.6079,0.9730,2.9654,0.9759,-0.30%
2025-12-05 23:58:22,adaptive_verify,11.7061,0.9894,3.0438,0.9862,+0.32%
2025-12-06 00:20:14,adaptive_verify,11.9348,0.9657,3.2725,0.9648,+0.09%
2025-12-06 00:43:20,adaptive_verify,11.8350,0.9907,2.5359,0.9942,-0.35%
2025-12-06 01:04:45,adaptive_verify,11.8700,0.9819,3.3421,0.9776,+0.44%
2025-12-06 01:16:04,adaptive_verify,11.4571,0.9771,3.2064,0.9645,+1.31%
2025-12-06 01:27:26,adaptive_verify,11.6456,0.9581,3.1738,0.9367,+2.28%
2025-12-06 01:48:43,adaptive_verify,11.3295,0.9983,3.0951,0.9617,+3.80%
2025-12-06 01:59:51,adaptive_verify,11.2256,0.9998,2.0319,0.9980,+0.18%
2025-12-06 02:21:00,adaptive_verify,11.1556,0.9777,2.4346,0.9948,-1.73%
2025-12-06 02:31:56,adaptive_verify,11.4175,0.9757,2.6200,0.9983,-2.26%
2025-12-06 02:42:52,adaptive_verify,11.3948,0.9605,2.3242,0.9998,-3.93%
2025-12-06 03:03:47,adaptive_verify,11.6105,0.9533,2.3993,0.9742,-2.15%
2025-12-06 03:14:25,adaptive_verify,11.3267,0.9544,1.9603,0.9878,-3.38%
2025-12-06 03:25:01,adaptive_verify,11.4267,0.9632,2.3686,0.9933,-3.02%
2025-12-06 03:45:34,adaptive_verify,11.6633,0.9624,2.7322,0.9991,-3.67%
2025-12-06 03:56:01,adaptive_verify,11.7537,0.9565,2.8627,0.9845,-2.84%
2025-12-06 04:06:25,adaptive_verify,11.9021,0.9619,2.9761,0.9845,-2.29%
2025-12-06 04:26:47,adaptive_verify,12.1903,0.9688,2.6848,0.9874,-1.89%
2025-12-06 04:37:04,adaptive_verify,11.6036,0.9574,3.0217,0.9644,-0.72%
2025-12-06 04:57:23,adaptive_verify,11.6680,0.9115,2.4083,0.9678,-5.82%
2025-12-06 05:07:38,adaptive_verify,11.2272,0.8769,2.0000,0.9704,-9.63%
2025-12-06 05:17:50,adaptive_verify,10.6337,0.8884,1.8841,0.9965,-10.85%
2025-12-06 05:38:03,adaptive_verify,10.7085,0.9146,3.1060,0.9701,-5.72%
2025-12-06 05:48:13,adaptive_verify,11.1222,0.8942,3.1060,0.9767,-8.44%
2025-12-06 05:58:24,adaptive_verify,10.8517,0.8823,3.4833,0.9361,-5.75%
2025-12-06 06:18:38,adaptive_verify,11.0171,0.9017,4.3282,0.9094,-0.85%
2025-12-06 06:28:49,adaptive_verify,10.9972,0.8777,2.9686,0.9618,-8.74%
2025-12-06 06:39:01,adaptive_verify,11.7637,0.8983,3.4434,0.9640,-6.81%
2025-12-06 06:59:17,adaptive_verify,12.7432,0.9054,4.6986,0.8921,+1.48%
2025-12-06 07:09:28,adaptive_verify,12.8809,0.9903,2.8284,0.9866,+0.38%
2025-12-06 07:19:41,adaptive_verify,13.2626,0.9923,3.3166,0.9861,+0.63%
2025-12-06 07:39:58,adaptive_verify,13.1337,0.9875,5.4511,0.9193,+7.42%
2025-12-06 07:50:13,adaptive_verify,13.2857,0.9632,5.2190,0.9513,+1.24%
2025-12-06 08:00:32,adaptive_verify,13.6158,0.9611,5.7124,0.9280,+3.57%
2025-12-06 08:21:04,adaptive_verify,14.0485,0.8625,5.5848,0.9122,-5.45%
2025-12-06 08:31:37,adaptive_verify,13.9309,0.8508,4.3219,0.9089,-6.39%
2025-12-06 08:42:12,adaptive_verify,14.3202,0.8629,4.7068,0.9159,-5.79%
2025-12-06 09:03:07,adaptive_verify,13.9292,0.9558,4.8059,0.9678,-1.23%
2025-12-06 09:13:58,adaptive_verify,14.0013,0.9479,4.4940,0.9311,+1.80%
2025-12-06 09:24:55,adaptive_verify,14.2148,0.9429,4.7093,0.9230,+2.16%
2025-12-06 09:46:09,adaptive_verify,13.8214,0.8794,3.9780,0.9567,-8.08%
2025-12-06 09:57:27,adaptive_verify,13.2035,0.9245,4.1352,0.9742,-5.11%
2025-12-06 10:18:51,adaptive_verify,13.1874,0.9432,3.6964,0.9640,-2.16%
2025-12-06 10:30:19,adaptive_verify,13.2028,0.9284,3.8107,0.9619,-3.48%
2025-12-06 10:41:47,adaptive_verify,13.2211,0.9496,3.9849,0.9696,-2.07%
2025-12-06 11:05:15,adaptive_verify,12.5179,0.8138,4.3355,0.9391,-13.34%
2025-12-06 11:17:01,adaptive_verify,12.8139,0.7635,3.1521,0.9706,-21.34%
2025-12-06 11:39:00,adaptive_verify,12.6948,0.8218,3.3442,0.9583,-14.24%
2025-12-06 12:02:27,adaptive_verify,12.7377,0.7551,3.5736,0.9774,-22.74%
2025-12-06 12:24:25,adaptive_verify,13.0884,0.8497,4.0251,0.9765,-12.98%
2025-12-06 12:36:14,adaptive_verify,13.0866,0.9204,3.4837,0.9854,-6.60%
2025-12-06 12:58:00,adaptive_verify,13.2992,0.9693,3.1655,0.9725,-0.33%
2025-12-06 13:09:52,adaptive_verify,13.4428,0.9696,3.3607,0.9585,+1.16%
2025-12-06 13:21:44,adaptive_verify,13.4189,0.9939,3.7770,0.9862,+0.79%
2025-12-06 13:43:45,adaptive_verify,13.8053,0.9999,4.1270,0.9966,+0.33%
2025-12-06 14:04:15,adaptive_verify,11.8936,0.9755,3.4131,0.9963,-2.09%
2025-12-06 14:23:53,adaptive_verify,12.0179,0.9278,2.6640,0.9978,-7.02%
2025-12-06 14:35:29,adaptive_verify,12.3907,0.9879,3.1249,0.9692,+1.93%
2025-12-06 14:46:07,adaptive_verify,13.8479,0.8614,9.4692,0.8738,-1.42%
2025-12-06 14:57:46,adaptive_verify,12.3427,0.9990,2.9926,0.9874,+1.18%
2025-12-06 15:09:19,adaptive_verify,12.5627,0.9583,3.2249,0.9794,-2.15%
2025-12-06 15:20:51,adaptive_verify,12.6617,0.8942,3.4995,0.9361,-4.47%
2025-12-06 15:42:21,adaptive_verify,12.4458,0.9475,3.8640,0.9811,-3.43%
2025-12-06 15:53:40,adaptive_verify,12.6422,0.9852,3.6370,0.9928,-0.77%
2025-12-06 16:04:58,adaptive_verify,12.9979,0.9932,3.5496,0.9841,+0.93%
2025-12-06 16:26:17,adaptive_verify,12.8114,0.9615,2.9019,0.9815,-2.04%
2025-12-06 16:37:36,adaptive_verify,13.1796,0.9660,3.5606,0.9570,+0.94%
2025-12-06 16:59:00,adaptive_verify,13.2089,0.9883,3.2621,0.9843,+0.41%
2025-12-06 17:10:25,adaptive_verify,13.3167,0.9953,3.5888,0.9795,+1.62%
2025-12-06 17:21:49,adaptive_verify,13.0495,0.9094,3.4152,0.9903,-8.17%
2025-12-06 17:43:21,adaptive_verify,13.2537,0.9300,3.7093,0.9871,-5.79%
2025-12-06 17:54:50,adaptive_verify,13.2408,0.9268,3.0519,0.9837,-5.79%
2025-12-06 18:06:25,adaptive_verify,13.1902,0.8888,3.6318,0.9807,-9.37%
2025-12-06 18:28:05,adaptive_verify,13.2923,0.8318,3.4617,0.9702,-14.27%
2025-12-06 18:39:36,adaptive_verify,13.2130,0.9577,3.0929,0.9630,-0.55%
2025-12-06 19:01:16,adaptive_verify,13.0860,0.9739,3.4071,0.9741,-0.02%
2025-12-06 19:12:50,adaptive_verify,13.3510,0.9704,3.6566,0.9677,+0.29%
2025-12-06 19:24:19,adaptive_verify,13.3761,0.9857,3.3729,0.9825,+0.32%
2025-12-06 19:45:54,adaptive_verify,13.6545,0.9137,4.1239,0.9580,-4.62%
2025-12-06 19:57:31,adaptive_verify,13.7570,0.9857,2.8455,0.9812,+0.45%
2025-12-06 20:19:08,adaptive_verify,13.7552,0.9983,3.1996,0.9957,+0.26%
2025-12-06 20:30:42,adaptive_verify,14.1766,0.9990,3.4113,0.9958,+0.32%
2025-12-06 20:42:18,adaptive_verify,14.3273,0.9971,3.0341,0.9968,+0.02%
2025-12-06 21:04:00,adaptive_verify,14.1541,0.9502,3.1356,0.9966,-4.66%
2025-12-06 21:13:47,adaptive_verify,14.4759,0.9464,3.7789,0.9552,-0.93%
2025-12-06 21:25:16,adaptive_verify,14.5292,0.9429,3.7417,0.9719,-2.98%
2025-12-06 21:46:57,adaptive_verify,14.6360,0.8336,4.0092,0.9363,-10.96%
2025-12-06 21:58:36,adaptive_verify,14.5850,0.9200,3.5266,0.9914,-7.20%
2025-12-06 22:20:09,adaptive_verify,14.6232,0.8634,3.3227,0.9753,-11.48%
2025-12-06 22:31:50,adaptive_verify,14.7874,0.9201,3.4754,0.9755,-5.67%
2025-12-06 22:43:26,adaptive_verify,14.7823,0.9753,3.3269,0.9821,-0.70%
2025-12-06 23:05:06,adaptive_verify,14.9369,0.9888,3.3626,0.9622,+2.77%
2025-12-06 23:16:32,adaptive_verify,14.7551,0.9706,3.2153,0.9670,+0.38%
2025-12-06 23:37:57,adaptive_verify,14.8717,0.9369,3.8254,0.9076,+3.22%
2025-12-06 23:49:27,adaptive_verify,15.0767,0.9505,4.0084,0.9089,+4.59%
2025-12-07 00:01:00,adaptive_verify,15.1563,0.9436,3.0420,0.9870,-4.40%
2025-12-07 00:22:26,adaptive_verify,15.5285,0.9197,3.6569,0.9683,-5.02%
2025-12-07 00:33:49,adaptive_verify,15.4997,0.8746,3.7231,0.9685,-9.69%
2025-12-07 00:45:05,adaptive_verify,15.5229,0.8989,2.7811,0.9748,-7.79%
2025-12-07 01:06:23,adaptive_verify,15.3487,0.9234,3.5278,0.9664,-4.45%
2025-12-07 01:17:35,adaptive_verify,15.6863,0.9584,3.5713,0.9580,+0.04%
2025-12-07 01:38:47,adaptive_verify,15.6862,0.9710,3.4613,0.9863,-1.55%
2025-12-07 01:49:51,adaptive_verify,15.6488,0.9717,3.6852,0.9622,+0.99%
2025-12-07 02:00:58,adaptive_verify,15.7573,0.9558,3.4745,0.9477,+0.86%
2025-12-07 02:22:04,adaptive_verify,15.8368,0.9391,3.4553,0.9510,-1.25%
2025-12-07 02:33:03,adaptive_verify,15.6382,0.9543,3.1289,0.9618,-0.78%
2025-12-07 02:43:54,adaptive_verify,15.9890,0.9881,3.0833,0.9743,+1.41%
2025-12-07 03:04:47,adaptive_verify,15.6804,0.9278,3.4546,0.9446,-1.78%
2025-12-07 03:15:33,adaptive_verify,15.5102,0.9317,2.5593,0.9254,+0.68%
2025-12-07 03:36:18,adaptive_verify,15.4196,0.9266,3.3311,0.9038,+2.52%
2025-12-07 03:46:59,adaptive_verify,15.0122,0.8361,2.8614,0.9148,-8.61%
2025-12-07 03:57:33,adaptive_verify,14.3796,0.9072,2.7850,0.9031,+0.46%
2025-12-07 04:18:08,adaptive_verify,14.3960,0.7714,2.6157,0.9765,-21.00%
2025-12-07 04:28:38,adaptive_verify,13.8809,0.8622,2.5111,0.9898,-12.89%
2025-12-07 04:39:04,adaptive_verify,13.9876,0.9001,2.6220,0.9918,-9.25%
2025-12-07 04:59:28,adaptive_verify,13.3081,0.8190,2.0191,0.9579,-14.50%
2025-12-07 05:09:44,adaptive_verify,13.3848,0.8447,2.2263,0.9243,-8.61%
2025-12-07 05:20:01,adaptive_verify,13.3848,0.8447,2.2263,0.9243,-8.61%
2025-12-07 05:40:21,adaptive_verify,13.4912,0.7683,1.9735,0.9646,-20.35%
2025-12-07 05:50:38,adaptive_verify,13.8430,0.7757,2.0292,0.9825,-21.05%
2025-12-07 06:00:54,adaptive_verify,14.6388,0.7865,2.5739,0.9718,-19.07%
2025-12-07 06:21:13,adaptive_verify,14.8580,0.9377,3.0496,0.9703,-3.36%
2025-12-07 06:31:27,adaptive_verify,14.6917,0.8896,3.1305,0.9483,-6.19%
2025-12-07 06:41:39,adaptive_verify,15.3703,0.8844,3.3381,0.9433,-6.24%
2025-12-07 07:01:56,adaptive_verify,14.9130,0.9823,5.1235,0.9794,+0.29%
2025-12-07 07:12:07,adaptive_verify,13.9824,0.8227,5.2623,0.8957,-8.14%
2025-12-07 07:22:20,adaptive_verify,13.9494,0.8438,5.5302,0.9137,-7.65%
2025-12-07 07:42:43,adaptive_verify,14.3392,0.7998,3.5192,0.9473,-15.58%
2025-12-07 07:53:05,adaptive_verify,14.9841,0.8881,5.7446,0.8683,+2.29%
2025-12-07 08:03:30,adaptive_verify,15.3741,0.9037,6.1430,0.8576,+5.38%
2025-12-07 08:24:02,adaptive_verify,16.4155,0.8941,4.0788,0.8864,+0.87%
2025-12-07 08:34:33,adaptive_verify,16.0754,0.9040,5.0103,0.9443,-4.26%
2025-12-07 08:55:20,adaptive_verify,16.4101,0.9231,4.0532,0.9480,-2.63%
2025-12-07 09:06:08,adaptive_verify,16.5042,0.9894,5.0121,0.9622,+2.83%
2025-12-07 09:16:54,adaptive_verify,16.1805,0.9225,3.6726,0.9627,-4.18%
2025-12-07 09:37:57,adaptive_verify,16.0410,0.9553,3.4713,0.9891,-3.42%
2025-12-07 09:48:56,adaptive_verify,16.0437,0.9557,5.2694,0.9291,+2.87%
2025-12-07 09:59:57,adaptive_verify,16.0042,0.9786,4.1934,0.9793,-0.07%
2025-12-07 10:21:12,adaptive_verify,16.1151,0.9328,4.9918,0.9364,-0.38%
2025-12-07 10:32:29,adaptive_verify,15.9507,0.9831,4.4272,0.9851,-0.20%
2025-12-07 10:43:53,adaptive_verify,15.8863,0.9759,3.7868,0.9829,-0.72%
2025-12-07 11:05:18,adaptive_verify,16.2160,0.9851,3.8275,0.9737,+1.16%
2025-12-07 11:16:43,adaptive_verify,16.1858,0.9953,3.8604,0.9789,+1.67%
2025-12-07 11:38:21,adaptive_verify,16.4521,0.9773,3.9908,0.9553,+2.30%
2025-12-07 11:49:54,adaptive_verify,16.5995,0.9623,4.2035,0.9328,+3.16%
2025-12-07 12:01:30,adaptive_verify,16.5322,0.9904,3.3665,0.9753,+1.54%
2025-12-07 12:23:06,adaptive_verify,16.5034,0.9822,3.9278,0.9737,+0.87%
2025-12-07 12:34:40,adaptive_verify,16.7201,0.9967,3.7832,0.9931,+0.36%
2025-12-07 12:56:19,adaptive_verify,16.8935,0.9898,3.8420,0.9886,+0.12%
2025-12-07 13:07:49,adaptive_verify,17.1062,0.9961,4.0775,0.9936,+0.26%
2025-12-07 13:19:33,adaptive_verify,17.0274,0.9825,3.0130,0.9882,-0.58%
2025-12-07 13:41:22,adaptive_verify,16.9812,0.9787,3.7356,0.9781,+0.07%
2025-12-07 13:53:16,adaptive_verify,17.1570,0.9881,3.6596,0.9814,+0.68%
2025-12-07 14:05:06,adaptive_verify,16.9250,0.9932,3.2002,0.9846,+0.88%
2025-12-07 14:26:56,adaptive_verify,17.0529,0.9945,3.0403,0.9886,+0.59%
2025-12-07 14:38:50,adaptive_verify,16.7740,0.9960,3.3800,0.9928,+0.32%
2025-12-07 15:00:47,adaptive_verify,16.8804,0.9919,2.7544,0.9904,+0.15%
2025-12-07 15:12:43,adaptive_verify,16.8602,0.9924,2.9226,0.9769,+1.59%
2025-12-07 15:24:36,adaptive_verify,17.0690,0.9670,2.7972,0.9908,-2.39%
2025-12-07 15:36:30,adaptive_verify,17.1090,0.8987,3.1088,0.9436,-4.75%
2025-12-07 15:48:14,adaptive_verify,17.0664,0.9998,3.1963,0.9933,+0.66%
2025-12-07 16:00:03,adaptive_verify,17.3262,0.9994,3.4688,0.9886,+1.10%
2025-12-07 16:22:00,adaptive_verify,17.5915,0.9889,3.6711,0.9761,+1.31%
2025-12-07 16:33:46,adaptive_verify,17.7386,0.9893,3.4671,0.9931,-0.38%
2025-12-07 16:45:33,adaptive_verify,18.0884,0.9905,3.4821,0.9909,-0.04%
2025-12-07 17:07:24,adaptive_verify,17.8380,0.9469,3.8516,0.9656,-1.94%
2025-12-07 17:19:17,adaptive_verify,17.3925,0.9653,4.1756,0.9778,-1.28%
2025-12-07 17:41:22,adaptive_verify,17.7749,0.9485,3.3081,0.9692,-2.13%
2025-12-07 18:05:15,adaptive_verify,17.4819,0.9895,3.0779,0.9953,-0.58%
2025-12-07 18:39:04,adaptive_verify,17.5951,0.9808,3.3382,0.9916,-1.09%
2025-12-07 19:01:04,adaptive_verify,17.8186,0.9838,3.1462,0.9909,-0.71%
2025-12-07 19:24:59,adaptive_verify,18.1725,0.9769,2.9752,0.9903,-1.35%
2025-12-07 19:59:02,adaptive_verify,18.3373,0.9775,3.5006,0.9541,+2.45%
2025-12-07 20:20:55,adaptive_verify,18.6011,0.9764,3.3806,0.9710,+0.56%
2025-12-07 20:32:36,adaptive_verify,18.8919,0.9834,3.5351,0.9714,+1.23%
2025-12-07 20:43:39,adaptive_verify,18.7145,0.8561,6.0208,0.8693,-1.51%
2025-12-07 20:55:26,adaptive_verify,19.0956,0.9974,3.1651,0.9790,+1.89%
2025-12-07 21:19:09,adaptive_v1,10.8651,0.9053,3.0907,0.9981,-9.30%
2025-12-07 21:41:02,adaptive_v1,10.6196,0.9950,3.4153,0.9524,+4.48%
2025-12-07 21:52:52,adaptive_v1,10.9340,0.9851,2.1414,0.9806,+0.46%
2025-12-07 22:04:32,adaptive_v1,10.6870,0.9556,3.7120,0.9694,-1.43%
2025-12-07 22:16:12,adaptive_v1,10.6549,0.9534,3.0228,0.9709,-1.80%
2025-12-07 22:37:39,adaptive_v1,10.4549,0.9807,2.9138,0.9943,-1.36%
2025-12-07 22:59:27,adaptive_v1,10.5488,0.9306,3.6158,0.9702,-4.08%
2025-12-07 23:10:57,adaptive_v1,10.6364,0.9443,3.4783,0.9771,-3.36%
2025-12-07 23:22:25,adaptive_v1,10.9480,0.9727,3.1970,0.9863,-1.38%
2025-12-07 23:44:02,adaptive_v1,11.0090,0.9680,3.4697,0.9729,-0.50%
2025-12-07 23:55:36,adaptive_v1,11.4864,0.9661,3.4333,0.9878,-2.20%
2025-12-08 00:17:07,adaptive_v1,11.6452,0.9500,3.4298,0.9735,-2.41%
2025-12-08 00:28:37,adaptive_v1,12.0906,0.9630,3.7084,0.9748,-1.21%
2025-12-08 00:39:58,adaptive_v1,12.4571,0.9643,4.0237,0.9581,+0.65%
2025-12-08 01:01:19,adaptive_v1,12.4642,0.9164,3.4947,0.9477,-3.30%
2025-12-08 01:12:31,adaptive_v1,12.5963,0.9775,2.9384,0.9791,-0.16%
2025-12-08 01:23:34,adaptive_v1,12.5008,0.9926,3.3338,0.9857,+0.71%
2025-12-08 01:44:40,adaptive_v1,12.6005,0.9907,3.4267,0.9862,+0.46%
2025-12-08 01:55:43,adaptive_v1,12.7885,0.9721,2.9357,0.9608,+1.18%
2025-12-08 02:16:47,adaptive_v1,12.4806,0.9408,2.4407,0.9910,-5.07%
2025-12-08 02:27:41,adaptive_v1,12.5814,0.9408,2.6101,0.9943,-5.38%
2025-12-08 02:38:32,adaptive_v1,12.0351,0.9467,2.0345,0.9898,-4.35%
2025-12-08 02:59:19,adaptive_v1,11.7174,0.9950,2.3501,0.9926,+0.24%
2025-12-08 03:09:59,adaptive_v1,11.5820,0.9870,2.3954,0.9808,+0.64%
2025-12-08 03:20:32,adaptive_v1,11.7378,0.9796,2.3396,0.9828,-0.32%
2025-12-08 03:41:11,adaptive_v1,11.1043,0.9534,2.1162,0.9789,-2.60%
2025-12-08 03:51:39,adaptive_v1,10.8597,0.9966,2.0783,0.9976,-0.10%
2025-12-08 04:02:03,adaptive_v1,10.9865,0.9961,2.2204,0.9956,+0.05%
2025-12-08 04:22:29,adaptive_v1,10.6603,0.9745,1.7780,0.9994,-2.50%
2025-12-08 04:32:51,adaptive_v1,10.6513,0.9788,2.0080,0.9854,-0.67%
2025-12-08 04:43:10,adaptive_v1,10.7791,0.9795,2.1044,0.9898,-1.04%
2025-12-08 05:03:30,adaptive_v1,10.5656,0.9977,2.3905,0.9812,+1.68%
2025-12-08 05:13:45,adaptive_v1,9.7608,0.9182,1.6036,0.9770,-6.01%
2025-12-08 05:34:04,adaptive_v1,10.0803,0.9743,3.0912,0.9258,+5.24%
2025-12-08 05:44:19,adaptive_v1,10.3049,0.9890,2.9059,0.9566,+3.39%
2025-12-08 05:54:35,adaptive_v1,10.5047,0.9738,2.9704,0.9644,+0.98%
2025-12-08 06:14:55,adaptive_v1,10.7765,0.8970,3.8816,0.9249,-3.02%
2025-12-08 06:25:09,adaptive_v1,10.6243,0.8981,3.3431,0.9454,-5.00%
2025-12-08 06:35:24,adaptive_v1,10.2255,0.8736,4.0796,0.8653,+0.96%
2025-12-08 06:55:42,adaptive_v1,10.8875,0.7798,4.8403,0.8605,-9.38%
2025-12-08 07:05:58,adaptive_v1,12.1043,0.9180,5.6758,0.8833,+3.93%
2025-12-08 07:16:14,adaptive_v1,13.1219,0.9297,6.7482,0.8711,+6.73%
2025-12-08 07:36:34,adaptive_v1,14.1973,0.9120,5.8822,0.9690,-5.88%
2025-12-08 07:46:55,adaptive_v1,13.5655,0.9145,4.4620,0.9862,-7.28%
2025-12-08 07:57:19,adaptive_v1,14.0784,0.9151,5.0990,0.9804,-6.67%
2025-12-08 08:17:50,adaptive_v1,13.5698,0.9338,5.3519,0.9635,-3.08%
2025-12-08 08:28:22,adaptive_v1,13.2637,0.9146,5.3274,0.9655,-5.28%
2025-12-08 08:38:20,adaptive_v1,13.6079,0.9068,5.7140,0.9569,-5.24%
2025-12-08 08:59:44,adaptive_v1,14.5981,0.9807,6.5216,0.9445,+3.84%
2025-12-08 09:08:55,adaptive_v1,14.3583,0.9777,6.8848,0.9098,+7.46%
2025-12-08 10:02:24,adaptive_v1,13.9563,0.9212,4.4228,0.9691,-4.94%
2025-12-08 10:14:12,adaptive_v2,13.8380,0.9864,3.7992,0.9762,+1.05%
2025-12-08 10:25:11,adaptive_v2,14.5866,0.9401,3.8867,0.9185,+2.36%
2025-12-08 10:36:52,adaptive_v2,14.7603,0.9895,2.7337,0.9607,+2.99%
2025-12-08 10:48:59,adaptive_v2,14.5281,0.8943,3.5689,0.9654,-7.36%
2025-12-08 11:00:45,adaptive_v2,14.3464,0.8963,4.0243,0.9498,-5.63%
2025-12-08 11:12:41,adaptive_v2,14.4234,0.9336,4.2018,0.8706,+7.24%
2025-12-08 11:24:58,adaptive_v2,14.4536,0.9667,3.3206,0.9401,+2.83%
2025-12-08 11:37:05,adaptive_v2,14.5255,0.9881,3.4884,0.9672,+2.16%
2025-12-08 11:49:10,adaptive_v2,14.6809,0.9656,3.6056,0.9599,+0.59%
2025-12-08 12:01:18,adaptive_v2,14.7323,0.9960,3.5618,0.9844,+1.18%
2025-12-08 12:13:39,adaptive_v2,14.8838,0.9715,4.3986,0.9728,-0.13%
2025-12-08 12:25:48,adaptive_v2,15.1780,0.9714,3.3485,0.9718,-0.05%
2025-12-08 12:38:04,adaptive_v2,15.1754,0.9943,3.7764,0.9688,+2.63%
2025-12-08 12:50:37,adaptive_v2,15.3397,0.9858,3.3696,0.9840,+0.18%
2025-12-08 13:02:57,adaptive_v2,15.5860,0.9750,3.9971,0.9699,+0.52%
2025-12-08 13:15:08,adaptive_v2,15.5578,0.9851,3.1896,0.9751,+1.03%
2025-12-08 13:27:39,adaptive_v2,15.6926,0.9923,3.5668,0.9852,+0.72%
2025-12-08 13:39:54,adaptive_v2,15.7427,0.9889,3.5178,0.9824,+0.66%
2025-12-08 13:51:57,adaptive_v2,15.8959,0.9707,3.9655,0.9528,+1.88%
2025-12-08 14:03:59,adaptive_v2,16.1411,0.9872,3.6941,0.9808,+0.65%
2025-12-08 14:16:08,adaptive_v2,16.2331,0.9938,2.8993,0.9730,+2.14%
2025-12-08 14:28:03,adaptive_v2,16.4083,0.9937,2.8520,0.9690,+2.55%
2025-12-08 14:39:48,adaptive_v2,16.4720,0.9850,3.5832,0.9612,+2.47%
2025-12-08 14:51:59,adaptive_v2,16.7963,0.9959,3.8649,0.9814,+1.48%
2025-12-08 15:03:55,adaptive_v2,16.6375,0.9766,3.5320,0.9694,+0.74%
2025-12-08 15:15:55,adaptive_v2,16.8412,0.9712,3.6518,0.9687,+0.25%
2025-12-08 15:28:08,adaptive_v2,16.9973,1.0000,3.2160,0.9933,+0.68%
2025-12-08 15:39:56,adaptive_v2,17.1874,0.9962,3.3934,0.9968,-0.05%
2025-12-08 15:51:33,adaptive_v2,16.9576,0.9700,3.5894,0.9711,-0.11%
2025-12-08 16:03:24,adaptive_v2,16.8669,0.9627,3.9421,0.9682,-0.57%
2025-12-08 16:15:10,adaptive_v2,17.0571,0.9987,3.3555,0.9966,+0.21%
2025-12-08 16:27:02,adaptive_v2,17.0170,0.9964,3.1260,1.0000,-0.36%
2025-12-08 16:38:51,adaptive_v2,17.1318,0.9839,3.6258,0.9855,-0.16%
2025-12-08 16:50:51,adaptive_v2,17.1410,0.9536,4.3820,0.9802,-2.71%
2025-12-08 17:41:47,adaptive_v2,17.0382,0.9945,3.2325,0.9797,+1.50%
2025-12-08 17:53:21,adaptive_v2,17.3530,0.9601,3.7260,0.9590,+0.12%
2025-12-08 18:05:19,adaptive_v2,17.5524,0.9846,3.2933,0.9592,+2.65%
2025-12-08 18:17:04,adaptive_v2,17.7703,0.9887,3.5619,0.9675,+2.19%
2025-12-08 18:28:47,adaptive_v2,17.8972,0.9796,4.3244,0.9663,+1.38%
2025-12-08 18:40:29,adaptive_v2,17.8635,0.9934,4.0970,0.9647,+2.97%
2025-12-08 18:52:20,adaptive_v2,17.8104,0.9971,3.3493,0.9750,+2.26%
2025-12-08 19:03:51,adaptive_v2,17.8717,0.9923,3.3984,0.9703,+2.26%
2025-12-08 19:15:26,adaptive_v2,17.6256,0.9948,3.6958,0.9735,+2.19%
2025-12-08 19:26:47,adaptive_v3,18.2481,0.9796,3.9166,0.9685,+1.15%
2025-12-08 19:40:20,adaptive_v3,18.2550,0.9920,3.8076,0.9538,+4.01%
2025-12-08 19:53:39,adaptive_v3,18.5775,0.9960,3.1518,0.9745,+2.20%
2025-12-08 20:07:26,adaptive_v3,18.5442,0.9453,3.2360,0.9811,-3.65%
2025-12-08 20:20:53,adaptive_v3,18.3568,0.9908,3.4117,0.9824,+0.86%
2025-12-08 20:34:18,adaptive_v3,18.4386,0.9950,3.2826,0.9912,+0.38%
2025-12-08 20:47:58,adaptive_v3,18.4803,0.9913,3.5968,0.9859,+0.55%
2025-12-08 20:59:32,adaptive_v3,17.6195,0.8990,6.4752,0.9082,-1.02%
2025-12-08 21:12:45,adaptive_v3,18.3687,0.9986,3.0404,0.9840,+1.49%
2025-12-08 21:26:23,adaptive_v3,18.5300,0.9948,2.8240,0.9943,+0.05%
2025-12-08 21:39:51,adaptive_v3,18.6201,0.9756,3.6477,0.9670,+0.89%
2025-12-08 21:53:19,adaptive_v3,18.4845,0.9924,2.7052,0.9764,+1.64%
2025-12-08 22:06:55,adaptive_v3,18.7191,0.9957,2.6901,0.9878,+0.80%
2025-12-08 22:20:17,adaptive_v3,18.6743,0.9904,3.2665,0.9931,-0.27%
2025-12-08 22:33:40,adaptive_v3,18.7995,0.9967,3.1102,0.9862,+1.06%
2025-12-08 22:47:23,adaptive_v3,18.8516,0.9986,2.6584,0.9893,+0.93%
2025-12-08 23:00:39,adaptive_v3,18.8010,0.9921,2.7152,0.9910,+0.11%
2025-12-08 23:14:00,adaptive_v3,18.8993,0.9962,3.1405,0.9877,+0.85%
2025-12-08 23:27:41,adaptive_v3,18.8622,0.9996,2.2532,0.9934,+0.63%
2025-12-08 23:41:10,adaptive_v3,18.6624,0.9656,2.7173,0.9919,-2.65%
2025-12-08 23:54:37,adaptive_v3,18.6014,0.9999,2.6790,0.9950,+0.49%
2025-12-09 00:08:19,adaptive_v3,18.5888,0.9899,2.5875,0.9921,-0.22%
2025-12-09 00:21:32,adaptive_v3,18.5941,0.9800,2.4031,0.9923,-1.24%
2025-12-09 00:34:48,adaptive_v3,18.5813,0.9992,2.6702,0.9956,+0.36%
2025-12-09 00:48:27,adaptive_v3,18.6221,0.9993,2.2156,0.9992,+0.00%
2025-12-09 01:01:34,adaptive_v3,18.6856,0.9922,2.6830,0.9974,-0.52%
2025-12-09 01:14:33,adaptive_v3,18.6326,0.9918,2.7155,0.9973,-0.56%
2025-12-09 01:27:49,adaptive_v3,18.6088,0.9919,2.5061,1.0000,-0.81%
2025-12-09 01:40:30,adaptive_v3,18.4882,0.9262,2.2713,0.9927,-6.70%
2025-12-09 01:53:15,adaptive_v3,18.5917,0.9336,2.5888,0.9480,-1.52%
2025-12-09 02:06:02,adaptive_v3,18.7007,0.9741,2.6269,0.9599,+1.48%
2025-12-09 02:18:28,adaptive_v3,18.5462,0.9618,2.2223,0.9624,-0.06%
2025-12-09 02:30:47,adaptive_v3,18.5014,0.9664,2.3787,0.9606,+0.60%
2025-12-09 02:43:15,adaptive_v3,18.5103,0.9448,2.2923,0.9824,-3.83%
2025-12-09 02:55:45,adaptive_v3,18.5181,0.9872,2.3678,0.9856,+0.17%
2025-12-09 03:07:54,adaptive_v3,18.3816,0.9584,2.0137,0.9838,-2.59%
2025-12-09 03:20:01,adaptive_v3,18.5656,0.9886,2.0010,0.9841,+0.46%
2025-12-09 03:32:20,adaptive_v3,18.5884,0.9926,1.6866,0.9890,+0.36%
2025-12-09 03:44:09,adaptive_v3,18.5325,0.9914,1.9002,0.9972,-0.58%
2025-12-09 03:55:53,adaptive_v3,18.6372,0.9932,1.9228,0.9972,-0.40%
2025-12-09 04:07:55,adaptive_v3,18.7680,0.9822,1.8798,0.9983,-1.61%
2025-12-09 04:19:30,adaptive_v3,18.8725,0.9814,1.6516,0.9931,-1.18%
2025-12-09 04:30:51,adaptive_v3,18.8638,0.9907,1.7792,0.9931,-0.25%
2025-12-09 04:42:20,adaptive_v3,18.7989,0.9819,2.0385,0.9935,-1.17%
2025-12-09 04:54:01,adaptive_v3,18.7803,0.9745,1.5122,0.9892,-1.48%
2025-12-09 05:05:17,adaptive_v3,18.6427,0.9516,2.1116,0.9920,-4.07%
2025-12-09 05:16:26,adaptive_v3,18.4957,0.9573,2.0871,0.9980,-4.08%
2025-12-09 05:27:46,adaptive_v3,18.3823,0.9736,1.8250,0.9988,-2.51%
2025-12-09 05:38:41,adaptive_v3,18.2847,0.9954,1.8864,0.9992,-0.38%
2025-12-09 05:49:39,adaptive_v3,18.1936,0.9901,1.9322,0.9958,-0.58%
2025-12-09 06:00:29,adaptive_v3,18.0965,0.9930,1.8847,0.9814,+1.17%
2025-12-09 06:11:32,adaptive_v3,18.1370,0.9921,2.2024,0.9765,+1.60%
2025-12-09 06:22:13,adaptive_v3,18.3189,0.9882,2.2864,0.9819,+0.64%
2025-12-09 06:32:57,adaptive_v3,18.4856,0.9934,2.2752,0.9819,+1.17%
2025-12-09 06:43:49,adaptive_v3,18.4346,0.9855,2.3594,0.9884,-0.29%
2025-12-09 06:54:28,adaptive_v3,18.4172,0.9839,2.3311,0.9916,-0.78%
2025-12-09 07:05:10,adaptive_v3,18.3341,0.9807,2.7172,0.9760,+0.49%
2025-12-09 07:15:48,adaptive_v3,18.4260,0.9414,3.3061,0.9780,-3.74%
2025-12-09 07:26:45,adaptive_v3,18.5622,0.9391,3.0822,0.9469,-0.82%
2025-12-09 07:37:26,adaptive_v3,18.8768,0.9353,2.8366,0.9515,-1.70%
2025-12-09 07:48:05,adaptive_v3,18.6535,0.8902,3.2481,0.9756,-8.75%
2025-12-09 07:58:52,adaptive_v3,19.3710,0.9311,4.8177,0.9063,+2.74%
2025-12-09 08:09:56,adaptive_v3,19.6219,0.8525,4.9204,0.8997,-5.24%
2025-12-09 08:20:46,adaptive_v3,20.0327,0.8750,4.6547,0.9099,-3.84%
2025-12-09 08:31:35,adaptive_v3,20.4349,0.8741,5.8787,0.8811,-0.80%
2025-12-09 08:42:50,adaptive_v3,20.9150,0.8183,5.2915,0.9250,-11.53%
2025-12-09 08:53:57,adaptive_v3,20.4037,0.7919,5.2103,0.9668,-18.10%
2025-12-09 09:05:08,adaptive_v3,20.7125,0.9220,7.2034,0.8747,+5.40%
2025-12-09 09:16:23,adaptive_v3,21.0650,0.8909,6.6203,0.8466,+5.23%
2025-12-09 09:28:00,adaptive_v3,21.3070,0.9252,5.8310,0.8673,+6.68%
2025-12-09 09:39:30,adaptive_v3,21.4934,0.9690,5.5386,0.9021,+7.42%
2025-12-09 09:51:00,adaptive_v3,21.1543,0.9294,6.0807,0.8896,+4.48%
2025-12-09 10:02:50,adaptive_v3,20.6555,0.8708,6.0954,0.9514,-8.47%
2025-12-09 10:14:29,adaptive_v3,21.1973,0.9475,4.7196,0.9506,-0.33%
2025-12-09 10:26:14,adaptive_v3,20.7927,0.8653,4.9279,0.9396,-7.91%
2025-12-09 10:38:06,adaptive_v3,21.0848,0.9272,6.0600,0.8952,+3.58%
2025-12-09 10:50:30,adaptive_v3,21.7374,0.9570,5.0468,0.9364,+2.20%
2025-12-09 11:02:48,adaptive_v3,22.0822,0.9755,4.7478,0.9597,+1.64%
2025-12-09 11:15:16,adaptive_v3,22.0818,0.9668,4.2396,0.9305,+3.90%
2025-12-09 11:28:16,adaptive_v3,22.0038,0.9003,4.2345,0.9240,-2.57%
2025-12-09 11:38:18,adaptive_v3,12.9714,0.9791,4.0426,0.9546,+2.57%
2025-12-09 11:50:56,adaptive_v3,13.5737,0.9794,3.8225,0.9634,+1.66%
2025-12-09 12:04:11,adaptive_v3,13.2083,0.9838,4.2817,0.9643,+2.02%
2025-12-09 12:17:09,adaptive_v3,13.5323,0.9837,3.4064,0.9668,+1.74%
2025-12-09 12:30:19,adaptive_v3,14.1784,0.9894,3.0474,0.9760,+1.38%
2025-12-09 12:44:00,adaptive_v3,13.2355,0.9806,3.8797,0.9691,+1.18%
2025-12-09 12:57:26,adaptive_v3,13.3596,0.9832,3.9120,0.9547,+2.98%
2025-12-09 13:11:14,adaptive_v3,13.6128,0.9810,3.5331,0.9636,+1.80%
2025-12-09 13:25:30,adaptive_v3,14.0924,0.9853,3.2608,0.9583,+2.81%
2025-12-09 13:39:39,adaptive_v3,14.2173,0.9958,3.6915,0.9670,+2.97%
2025-12-09 13:53:51,adaptive_v3,14.5778,0.9927,3.3681,0.9827,+1.01%
2025-12-09 14:08:32,adaptive_v3,15.7136,0.9991,3.1221,0.9906,+0.86%
2025-12-09 14:22:55,adaptive_v3,15.2287,0.9943,3.1320,0.9932,+0.11%
2025-12-09 14:37:27,adaptive_v3,15.3877,0.9976,3.3873,0.9941,+0.36%
2025-12-09 14:52:05,adaptive_v3,14.7279,0.9645,3.0651,0.9586,+0.61%
2025-12-09 15:06:27,adaptive_v3,13.9099,0.9903,3.0504,0.9785,+1.20%
2025-12-09 15:20:44,adaptive_v3,14.0428,0.9927,2.6431,0.9797,+1.32%
2025-12-09 15:35:14,adaptive_v3,13.7216,0.9940,2.9140,0.9789,+1.53%
2025-12-09 15:49:29,adaptive_v3,14.1550,0.9647,3.1745,0.9616,+0.32%
2025-12-09 16:03:39,adaptive_v3,13.5654,0.9866,2.8848,0.9566,+3.14%
2025-12-09 16:18:05,adaptive_v3,14.1984,0.9952,2.6002,0.9844,+1.10%
2025-12-09 16:32:19,adaptive_v3,14.6546,0.9989,2.8072,0.9860,+1.31%
2025-12-09 16:46:42,adaptive_v3,15.2934,0.9897,2.8565,0.9899,-0.01%
2025-12-09 17:00:42,adaptive_v3,14.8202,0.9977,3.0756,0.9881,+0.97%
2025-12-09 17:14:43,adaptive_v3,15.3642,0.9970,2.6595,0.9982,-0.11%
2025-12-09 17:29:18,adaptive_v3,15.1262,0.9995,2.5812,0.9994,+0.01%
2025-12-09 17:43:24,adaptive_v3,15.2541,0.9971,2.7408,0.9992,-0.22%
2025-12-09 17:57:31,adaptive_v3,15.1649,0.9975,2.5639,0.9967,+0.08%
2025-12-09 18:11:56,adaptive_v3,14.9864,0.9974,2.6638,0.9975,-0.01%
2025-12-09 18:25:56,adaptive_v3,15.6506,0.9904,2.3822,0.9951,-0.47%
2025-12-09 18:39:51,adaptive_v3,15.8729,0.9825,2.8955,0.9926,-1.01%
2025-12-09 18:53:50,adaptive_v3,15.6001,0.9854,3.0654,0.9894,-0.40%
2025-12-09 19:07:34,adaptive_v3,16.3193,0.9903,2.7780,0.9895,+0.08%
2025-12-09 19:21:15,adaptive_v3,16.3982,0.9964,3.1469,0.9917,+0.47%
2025-12-09 19:34:57,adaptive_v3,16.3634,0.9972,3.0740,0.9941,+0.31%
2025-12-09 19:48:23,adaptive_v3,16.5949,0.9937,2.6313,0.9904,+0.33%
2025-12-09 20:01:55,adaptive_v3,14.7972,0.9405,3.6757,0.9274,+1.42%
2025-12-09 20:15:38,adaptive_v3,15.0063,0.9850,2.8421,0.9514,+3.53%
2025-12-09 20:29:12,adaptive_v3,15.0570,0.9867,3.3759,0.9696,+1.76%
2025-12-09 20:42:53,adaptive_v3,15.9448,0.9944,2.7569,0.9825,+1.21%
2025-12-09 20:56:35,adaptive_v3,14.7033,0.9965,3.0174,0.9853,+1.14%
2025-12-09 21:10:11,adaptive_v3,14.8479,0.9958,2.7321,0.9853,+1.07%
2025-12-09 21:24:09,adaptive_v3,15.3662,0.9936,2.4291,0.9830,+1.08%
2025-12-09 21:37:50,adaptive_v3,15.4738,0.9981,3.1393,0.9881,+1.01%
2025-12-09 21:51:36,adaptive_v3,15.7118,0.9978,3.2774,0.9881,+0.98%
2025-12-09 22:05:42,adaptive_v3,16.3779,0.9957,3.1584,0.9884,+0.74%
2025-12-09 22:19:51,adaptive_v3,15.3906,0.9972,3.1698,0.9918,+0.54%
2025-12-09 22:33:59,adaptive_v3,15.8439,0.9944,3.2061,0.9862,+0.84%
2025-12-09 22:48:27,adaptive_v3,15.8583,0.9943,3.2939,0.9911,+0.32%
2025-12-09 23:02:35,adaptive_v3,15.2700,0.9665,3.3569,0.9654,+0.11%
2025-12-09 23:16:54,adaptive_v3,15.4295,0.9942,2.9827,0.9655,+2.97%
2025-12-09 23:31:23,adaptive_v3,15.1326,0.9942,2.8950,0.9854,+0.89%
2025-12-09 23:45:32,adaptive_v3,15.2465,0.9938,3.1203,0.9906,+0.33%
2025-12-09 23:59:50,adaptive_v3,15.3563,0.9938,2.9901,0.9936,+0.02%
2025-12-10 00:14:18,adaptive_v3,13.0372,0.9837,2.6990,0.9849,-0.12%
2025-12-10 00:28:24,adaptive_v3,12.7346,0.9861,2.9564,0.9891,-0.30%
2025-12-10 00:42:24,adaptive_v3,12.1634,0.9843,2.7747,0.9840,+0.04%
2025-12-10 00:56:25,adaptive_v3,12.1158,0.9901,2.7118,0.9900,+0.01%
2025-12-10 01:10:09,adaptive_v3,11.9266,0.9911,2.4878,0.9902,+0.09%
2025-12-10 01:24:06,adaptive_v3,11.8073,0.9886,2.3231,0.9877,+0.09%
2025-12-10 01:37:37,adaptive_v3,11.8452,0.9918,2.5623,0.9900,+0.18%
2025-12-10 01:51:04,adaptive_v3,11.8031,0.9818,2.2489,0.9895,-0.78%
2025-12-10 02:04:47,adaptive_v3,11.3153,0.9834,2.1319,0.9840,-0.06%
2025-12-10 02:18:08,adaptive_v3,11.1438,0.9842,2.7302,0.9822,+0.21%
2025-12-10 02:31:06,adaptive_v3,11.1758,0.9980,1.9766,0.9852,+1.30%
2025-12-10 02:44:17,adaptive_v3,10.8428,0.9954,1.8838,0.9761,+1.98%
2025-12-10 10:24:32,adaptive_v3,13.6892,0.9701,5.2848,0.9654,+0.48%
2025-12-10 10:36:58,adaptive_v3,13.6997,0.9702,5.2993,0.9655,+0.48%
2025-12-10 10:49:37,adaptive_v3,13.4974,0.9845,4.0659,0.9650,+2.02%
2025-12-10 11:02:40,adaptive_v3,14.1955,0.9777,4.6328,0.9756,+0.21%
2025-12-10 11:15:26,adaptive_v3,14.3625,0.9806,4.1391,0.9704,+1.06%
2025-12-10 12:22:04,adaptive_v3,14.2602,0.9920,3.2992,0.9536,+4.03%
2025-12-10 12:34:30,adaptive_v3,14.4214,0.9624,4.2454,0.9469,+1.64%
2025-12-10 12:48:51,adaptive_v3,15.4704,0.9852,3.2666,0.9684,+1.74%
2025-12-10 13:03:34,adaptive_v3,14.7963,0.9875,3.1944,0.9760,+1.18%
2025-12-10 13:18:26,adaptive_v3,15.9964,0.9849,2.9311,0.9834,+0.16%
2025-12-10 13:33:07,adaptive_v3,15.8780,0.9953,2.6839,0.9876,+0.78%
2025-12-10 13:47:50,adaptive_v3,13.5856,0.9809,3.5915,0.9659,+1.55%
2025-12-10 14:02:46,adaptive_v3,13.8793,0.9744,3.1618,0.9575,+1.76%
2025-12-10 14:28:36,adaptive_v3,14.5161,0.9816,3.0605,0.9745,+0.73%
2025-12-10 14:43:32,adaptive_v3,14.2534,0.9687,2.9554,0.9661,+0.27%
2025-12-10 14:58:28,adaptive_v3,14.8608,0.9849,2.4589,0.9820,+0.30%
2025-12-10 15:13:54,adaptive_v3,15.0890,0.9943,2.7488,0.9860,+0.84%
2025-12-10 15:29:09,adaptive_v3,15.9863,0.9910,2.4129,0.9905,+0.05%
2025-12-10 15:44:33,adaptive_v3,16.4241,0.9965,2.4890,0.9956,+0.09%
2025-12-10 16:00:10,adaptive_v3,17.0549,0.9992,2.2846,0.9937,+0.55%
2025-12-10 16:15:23,adaptive_v3,12.3298,0.9502,4.8148,0.9364,+1.47%
2025-12-10 16:30:21,adaptive_v3,16.5836,0.9937,2.3654,0.9781,+1.60%
2025-12-10 16:45:19,adaptive_v3,16.7211,0.9924,2.7181,0.9852,+0.73%
2025-12-10 17:00:02,adaptive_v3,16.6976,0.9973,3.1038,0.9942,+0.31%
2025-12-10 17:15:04,adaptive_v3,16.6671,0.9992,2.6227,0.9967,+0.25%
2025-12-10 17:29:53,adaptive_v3,17.3665,0.9993,2.7148,0.9967,+0.26%
2025-12-10 17:44:28,adaptive_v3,16.4558,0.9970,2.9141,0.9969,+0.01%
2025-12-10 17:59:16,adaptive_v3,16.1598,0.9803,3.1793,0.9803,+0.00%
2025-12-10 18:13:36,adaptive_v3,16.6081,0.9951,2.7558,0.9827,+1.27%
2025-12-10 18:27:52,adaptive_v3,17.1354,0.9996,2.6397,0.9941,+0.55%
2025-12-10 18:42:27,adaptive_v3,16.9187,0.9924,3.1542,0.9861,+0.65%
2025-12-10 18:56:27,adaptive_v3,16.3966,0.9835,3.1964,0.9835,-0.01%
2025-12-10 19:10:19,adaptive_v3,17.1324,0.9865,2.7775,0.9825,+0.41%
2025-12-10 19:24:28,adaptive_v3,17.3703,0.9923,2.9793,0.9882,+0.41%
2025-12-10 19:38:09,adaptive_v3,20.0471,0.9853,2.9485,0.9802,+0.52%
2025-12-10 19:52:12,adaptive_v3,19.9456,0.9966,3.2295,0.9876,+0.91%
2025-12-10 20:06:01,adaptive_v3,19.5077,0.9917,3.3482,0.9857,+0.60%
2025-12-10 20:19:50,adaptive_v3,19.9669,0.9912,3.2131,0.9796,+1.18%
2025-12-10 20:33:58,adaptive_v3,20.1857,0.9905,3.0454,0.9801,+1.06%
2025-12-10 20:47:52,adaptive_v3,20.8891,0.9652,3.7532,0.9688,-0.37%
2025-12-10 21:01:37,adaptive_v3,21.0531,0.9918,2.9222,0.9659,+2.68%
2025-12-10 21:15:42,adaptive_v3,21.1602,0.9967,3.4003,0.9820,+1.50%
2025-12-10 21:29:42,adaptive_v3,21.5533,0.9989,3.0221,0.9928,+0.62%
2025-12-10 21:43:36,adaptive_v3,21.6161,0.9962,2.6813,0.9961,+0.01%
2025-12-10 21:57:43,adaptive_v3,21.5066,0.9944,2.8792,0.9946,-0.03%
2025-12-10 22:11:29,adaptive_v3,20.4959,0.9888,3.0080,0.9888,+0.00%
2025-12-10 22:25:09,adaptive_v3,20.8351,0.9692,3.2138,0.9694,-0.01%
2025-12-10 22:39:04,adaptive_v3,20.9049,0.9953,2.7715,0.9631,+3.34%
2025-12-10 22:52:39,adaptive_v3,20.7396,0.9926,3.2543,0.9760,+1.70%
2025-12-10 23:06:07,adaptive_v3,20.5632,0.9926,3.0174,0.9841,+0.86%
2025-12-10 23:20:08,adaptive_v3,20.1237,0.9948,3.2771,0.9881,+0.67%
2025-12-10 23:33:50,adaptive_v3,20.4254,0.9774,3.3033,0.9862,-0.90%
2025-12-10 23:47:19,adaptive_v3,16.3735,0.9956,3.2138,0.9829,+1.29%
2025-12-11 00:00:59,adaptive_v3,16.8418,0.9969,3.2977,0.9806,+1.66%
2025-12-11 00:14:23,adaptive_v3,16.8975,0.9998,2.8578,0.9863,+1.36%
2025-12-11 00:27:51,adaptive_v3,17.1668,0.9870,2.6504,0.9882,-0.12%
2025-12-11 00:41:38,adaptive_v3,15.3090,0.9874,3.0925,0.9873,+0.00%
2025-12-11 00:55:05,adaptive_v3,15.4320,0.9942,2.8854,0.9869,+0.74%
2025-12-11 01:08:37,adaptive_v3,15.3202,0.9953,2.7420,0.9877,+0.78%
2025-12-11 01:22:18,adaptive_v3,15.4613,0.9958,2.5428,0.9947,+0.11%
2025-12-11 01:35:36,adaptive_v3,15.7884,0.9965,2.4564,0.9951,+0.14%
2025-12-11 01:48:54,adaptive_v3,15.8167,0.9994,2.6228,0.9968,+0.26%
2025-12-11 02:02:14,adaptive_v3,15.5518,0.9939,2.4539,0.9907,+0.32%
2025-12-11 02:15:05,adaptive_v3,14.8790,0.9945,2.8930,0.9920,+0.25%
2025-12-11 02:28:01,adaptive_v3,13.6470,0.9939,2.7537,0.9857,+0.83%
2025-12-11 02:40:57,adaptive_v3,13.6257,0.9913,2.3973,0.9848,+0.65%
2025-12-11 02:53:33,adaptive_v3,13.9889,0.9905,2.5654,0.9821,+0.86%
2025-12-11 03:05:54,adaptive_v3,13.9659,0.9907,2.2437,0.9874,+0.34%
2025-12-11 03:18:35,adaptive_v3,14.0858,0.9971,2.2655,0.9940,+0.31%
2025-12-11 03:30:46,adaptive_v3,13.5521,0.9999,1.8227,0.9921,+0.78%
2025-12-11 03:42:48,adaptive_v3,13.3508,0.9937,1.8957,0.9929,+0.08%
2025-12-11 03:55:09,adaptive_v3,12.9151,0.9960,1.9319,0.9952,+0.09%
2025-12-11 04:07:07,adaptive_v3,12.3826,0.9989,2.1557,0.9852,+1.40%
2025-12-11 04:18:58,adaptive_v3,12.7118,0.9989,1.7423,0.9812,+1.81%
2025-12-11 04:31:00,adaptive_v3,12.6204,0.9995,1.8945,0.9888,+1.08%
2025-12-11 04:42:39,adaptive_v3,11.4037,0.9956,1.7179,0.9896,+0.60%
2025-12-11 04:54:13,adaptive_v3,11.6050,0.9956,1.7836,0.9904,+0.52%
2025-12-11 05:05:42,adaptive_v3,11.9955,0.9968,1.7603,0.9908,+0.61%
2025-12-11 05:17:19,adaptive_v3,11.6642,0.9995,1.7935,0.9973,+0.22%
2025-12-11 05:28:29,adaptive_v3,11.3879,0.9995,1.8658,0.9959,+0.37%
2025-12-11 05:39:32,adaptive_v3,11.5106,0.9995,1.9203,0.9970,+0.25%
2025-12-11 05:50:54,adaptive_v3,11.5552,0.9995,1.9914,0.9984,+0.11%
2025-12-11 06:01:53,adaptive_v3,11.5127,0.9963,1.8439,0.9948,+0.16%
2025-12-11 06:12:54,adaptive_v3,11.3189,0.9993,1.8979,0.9915,+0.78%
2025-12-11 06:23:46,adaptive_v3,10.9368,0.9915,1.9618,0.9898,+0.17%
2025-12-11 06:34:48,adaptive_v3,10.7147,0.9914,2.2589,0.9939,-0.25%
2025-12-11 06:45:31,adaptive_v3,10.7388,0.9629,2.3728,0.9650,-0.22%
2025-12-11 06:56:17,adaptive_v3,10.5116,0.9226,2.6940,0.9355,-1.37%
2025-12-11 07:06:57,adaptive_v3,10.5614,0.9220,2.5048,0.9262,-0.45%
2025-12-11 07:17:56,adaptive_v3,10.7457,0.9151,2.5076,0.9138,+0.15%
2025-12-11 07:28:34,adaptive_v3,11.0269,0.9644,3.3512,0.9533,+1.16%
2025-12-11 07:39:12,adaptive_v3,11.2645,0.9748,3.3135,0.9608,+1.46%
2025-12-11 07:50:14,adaptive_v3,11.6501,0.9423,3.6958,0.9483,-0.63%
2025-12-11 08:01:03,adaptive_v3,12.2350,0.9395,4.8244,0.9372,+0.25%
2025-12-11 08:11:55,adaptive_v3,12.1299,0.9654,3.8509,0.9749,-0.98%
2025-12-11 08:22:54,adaptive_v3,11.9846,0.9653,4.1776,0.9631,+0.23%
2025-12-11 08:34:08,adaptive_v3,12.7005,0.9414,5.0025,0.9234,+1.94%
2025-12-11 08:45:16,adaptive_v3,13.6433,0.8846,6.1826,0.8734,+1.28%
2025-12-11 08:56:22,adaptive_v3,13.8868,0.8848,5.3362,0.8799,+0.56%
2025-12-11 09:07:42,adaptive_v3,13.8456,0.9330,4.4805,0.9372,-0.45%
2025-12-11 09:19:28,adaptive_v3,15.1792,0.9710,4.9749,0.9720,-0.11%
2025-12-11 09:30:54,adaptive_v3,15.2095,0.9625,5.3689,0.9441,+1.95%
2025-12-11 09:42:29,adaptive_v3,15.9734,0.9257,5.9940,0.9344,-0.93%
2025-12-11 09:54:32,adaptive_v3,16.7426,0.9391,4.8627,0.9632,-2.50%
2025-12-11 10:06:30,adaptive_v3,16.6198,0.9496,5.6883,0.9457,+0.41%
2025-12-11 10:18:34,adaptive_v3,17.1365,0.9385,5.3033,0.9125,+2.86%
2025-12-11 10:30:59,adaptive_v3,18.1045,0.9836,4.4074,0.9610,+2.35%
2025-12-11 10:43:20,adaptive_v3,16.7406,0.9885,4.2415,0.9854,+0.32%
2025-12-11 10:55:53,adaptive_v3,12.7512,0.8673,6.9613,0.8692,-0.21%
2025-12-11 11:07:39,adaptive_v3,16.8042,0.9944,3.5909,0.9913,+0.31%
2025-12-11 11:20:21,adaptive_v3,16.8491,0.9896,3.4563,0.9919,-0.24%
2025-12-11 11:33:23,adaptive_v3,16.6829,0.9954,3.5260,0.9925,+0.29%
2025-12-11 11:46:28,adaptive_v3,17.0064,0.9967,3.2930,0.9964,+0.03%
2025-12-11 12:00:04,adaptive_v3,16.2531,0.9931,3.6388,0.9800,+1.34%
2025-12-11 12:13:26,adaptive_v3,16.8240,0.9936,3.5769,0.9723,+2.19%
2025-12-11 12:26:57,adaptive_v3,17.3595,0.9761,3.5260,0.9604,+1.64%
2025-12-11 12:41:15,adaptive_v4,9.0027,0.9828,3.4290,0.9550,+2.91%
2025-12-11 12:55:21,adaptive_v4,8.2691,0.9848,3.3343,0.9794,+0.55%
2025-12-11 13:09:39,adaptive_v4,9.6602,0.9947,3.1384,0.9815,+1.34%
2025-12-11 13:24:16,adaptive_v4,9.5576,0.9902,3.2979,0.9818,+0.86%
2025-12-11 13:50:25,adaptive_v4,10.0317,0.9807,3.1389,0.9735,+0.75%
2025-12-11 14:05:16,adaptive_v4,10.5204,0.9987,2.9862,0.9872,+1.16%
2025-12-11 14:20:15,adaptive_v4,10.1805,0.9958,2.9297,0.9750,+2.13%
2025-12-11 14:35:32,adaptive_v4,10.5200,0.9902,3.1146,0.9811,+0.92%
2025-12-11 14:50:40,adaptive_v4,10.5306,0.9977,3.0760,0.9833,+1.46%
2025-12-11 15:05:35,adaptive_v4,10.9815,0.9904,2.4437,0.9819,+0.86%
2025-12-11 15:20:51,adaptive_v4,11.1879,0.9975,2.5975,0.9851,+1.25%
2025-12-11 15:35:49,adaptive_v4,8.0559,0.9329,4.7283,0.9109,+2.42%
2025-12-11 15:50:53,adaptive_v4,11.3088,0.9950,2.8816,0.9899,+0.51%
2025-12-11 16:06:18,adaptive_v4,10.4857,0.9944,2.5924,0.9889,+0.56%
2025-12-11 16:21:10,adaptive_v4,10.6774,0.9808,2.7550,0.9774,+0.35%
2025-12-11 16:36:29,adaptive_v4,10.2485,0.9915,2.5432,0.9715,+2.06%
2025-12-11 16:51:29,adaptive_v4,10.2336,0.9932,2.6477,0.9737,+2.00%
2025-12-11 17:06:26,adaptive_v4,10.0813,0.9990,2.9662,0.9871,+1.21%
2025-12-11 17:21:45,adaptive_v4,10.3147,0.9985,2.8477,0.9859,+1.27%
2025-12-11 17:36:46,adaptive_v4,10.2290,0.9994,2.5472,0.9831,+1.66%
2025-12-11 17:52:21,adaptive_v4,9.6491,0.9762,2.4756,0.9597,+1.72%
2025-12-11 18:07:30,adaptive_v4,9.5564,0.9908,2.4791,0.9595,+3.25%
2025-12-11 18:22:47,adaptive_v4,9.2819,0.9878,2.3604,0.9693,+1.91%
2025-12-11 18:37:35,adaptive_v4,9.3821,0.9922,2.9436,0.9808,+1.17%
2025-12-11 18:52:06,adaptive_v4,9.7129,0.9743,2.9926,0.9455,+3.05%
2025-12-11 19:06:23,adaptive_v4,10.1215,0.9785,2.9511,0.9685,+1.03%
2025-12-11 19:21:08,adaptive_v4,10.7458,0.9853,3.1638,0.9704,+1.54%
2025-12-11 19:35:07,adaptive_v4,8.8127,0.9758,5.1779,0.9696,+0.64%
2025-12-11 19:47:15,adaptive_v4,10.6720,0.9927,2.7815,0.9701,+2.33%
2025-12-11 20:01:24,adaptive_v4,10.7017,0.9932,2.7698,0.9778,+1.57%
2025-12-11 20:15:17,adaptive_v4,10.2829,0.9902,3.0328,0.9751,+1.54%
2025-12-11 20:29:19,adaptive_v4,10.4731,0.9896,3.1514,0.9751,+1.48%
2025-12-11 20:43:13,adaptive_v4,11.0349,0.9890,3.4578,0.9750,+1.43%
2025-12-11 20:57:16,adaptive_v4,10.8528,0.9843,3.0780,0.9653,+1.97%
2025-12-11 21:11:32,adaptive_v4,10.9016,0.9864,2.9480,0.9635,+2.38%
2025-12-11 21:25:29,adaptive_v4,10.9290,0.9958,2.9565,0.9809,+1.51%
2025-12-11 21:39:33,adaptive_v4,9.4766,0.9609,3.5799,0.9532,+0.81%
2025-12-11 21:53:38,adaptive_v4,10.5758,0.9904,2.8367,0.9742,+1.66%
2025-12-11 22:07:37,adaptive_v4,10.7027,0.9820,3.1038,0.9654,+1.72%
2025-12-11 22:21:31,adaptive_v4,10.4477,0.9894,2.7386,0.9693,+2.07%
2025-12-11 22:35:43,adaptive_v4,10.4717,0.9897,2.6370,0.9885,+0.12%
2025-12-11 22:49:35,adaptive_v4,10.1760,0.9759,2.8339,0.9714,+0.46%
2025-12-11 23:03:26,adaptive_v4,9.9524,0.9715,2.5958,0.9703,+0.12%
2025-12-11 23:17:25,adaptive_v4,9.8219,0.9909,2.7681,0.9732,+1.82%
2025-12-11 23:31:11,adaptive_v4,10.3395,0.9881,2.5438,0.9651,+2.38%
2025-12-11 23:44:59,adaptive_v4,10.6642,0.9915,2.8483,0.9727,+1.93%
2025-12-11 23:59:29,adaptive_v4,10.8019,0.9887,2.7356,0.9829,+0.59%
2025-12-12 00:13:13,adaptive_v4,10.9896,0.9908,2.8758,0.9800,+1.11%
2025-12-12 00:27:01,adaptive_v4,11.3387,0.9991,3.1568,0.9774,+2.22%
2025-12-12 00:40:50,adaptive_v4,11.1863,0.9782,2.7227,0.9758,+0.24%
2025-12-12 00:54:26,adaptive_v4,11.5710,0.9851,3.2013,0.9704,+1.51%
2025-12-12 01:07:46,adaptive_v4,11.8466,0.9937,2.4056,0.9814,+1.25%
2025-12-12 01:21:16,adaptive_v4,11.5242,0.9948,2.8627,0.9750,+2.03%
2025-12-12 01:34:32,adaptive_v4,11.8214,0.9961,2.9858,0.9929,+0.32%
2025-12-12 01:47:37,adaptive_v4,11.7100,0.9957,2.6438,0.9925,+0.32%
2025-12-12 02:01:03,adaptive_v4,10.7255,0.9907,2.3922,0.9886,+0.22%
2025-12-12 02:14:02,adaptive_v4,11.0658,0.9885,2.4014,0.9866,+0.19%
2025-12-12 02:26:52,adaptive_v4,11.4259,0.9712,2.7100,0.9671,+0.42%
2025-12-12 02:39:48,adaptive_v4,11.0731,0.9707,2.1895,0.9694,+0.14%
2025-12-12 02:52:20,adaptive_v4,10.8091,0.9861,1.9772,0.9662,+2.06%
2025-12-12 03:04:51,adaptive_v4,10.7227,0.9867,1.8621,0.9805,+0.64%
2025-12-12 03:17:39,adaptive_v4,10.5935,0.9861,2.2112,0.9747,+1.16%
2025-12-12 03:40:06,adaptive_v4,10.3160,0.9986,1.8393,0.9760,+2.32%
2025-12-12 03:52:35,adaptive_v4,10.4859,0.9985,1.9722,0.9784,+2.05%
2025-12-12 04:04:43,adaptive_v4,10.6505,0.9932,1.7756,0.9944,-0.12%
2025-12-12 04:16:45,adaptive_v4,10.6066,0.9871,1.6546,0.9886,-0.14%
2025-12-12 04:29:03,adaptive_v4,10.3309,0.9924,1.6125,0.9855,+0.70%
2025-12-12 04:40:55,adaptive_v4,10.2329,0.9933,2.0913,0.9871,+0.63%
2025-12-12 04:52:40,adaptive_v4,9.8889,0.9993,2.0158,0.9972,+0.21%
2025-12-12 05:04:20,adaptive_v4,10.1159,0.9984,1.8443,0.9982,+0.02%
2025-12-12 05:16:05,adaptive_v4,10.2926,0.9991,1.6614,0.9989,+0.01%
2025-12-12 05:27:27,adaptive_v4,7.8015,0.9416,4.4222,0.9455,-0.41%
2025-12-12 05:38:46,adaptive_v4,9.4792,0.9965,1.8010,0.9963,+0.02%
2025-12-12 05:50:14,adaptive_v4,10.1086,0.9965,1.6727,0.9963,+0.02%
2025-12-12 06:01:19,adaptive_v4,10.4224,0.9995,1.8768,0.9991,+0.04%
2025-12-12 06:12:18,adaptive_v4,10.0321,0.9959,1.6755,0.9983,-0.24%
2025-12-12 06:23:09,adaptive_v4,8.2475,0.9764,2.4221,0.9759,+0.05%
2025-12-12 06:34:16,adaptive_v4,8.1842,0.9730,2.4828,0.9697,+0.35%
2025-12-12 06:45:07,adaptive_v4,8.3231,0.9686,2.5103,0.9649,+0.38%
2025-12-12 06:55:58,adaptive_v4,8.5724,0.9640,2.8031,0.9688,-0.50%
2025-12-12 07:06:57,adaptive_v4,8.7258,0.9695,2.6711,0.9780,-0.86%
2025-12-12 07:17:39,adaptive_v4,8.9080,0.9734,2.6946,0.9880,-1.48%
2025-12-12 07:28:22,adaptive_v4,9.0657,0.9830,2.5851,0.9844,-0.15%
2025-12-12 07:39:10,adaptive_v4,8.8984,0.9739,3.1744,0.9747,-0.08%
2025-12-12 07:50:18,adaptive_v4,8.4343,0.9604,2.8380,0.9469,+1.43%
2025-12-12 08:01:08,adaptive_v4,8.6436,0.9452,3.2727,0.9312,+1.50%
2025-12-12 08:11:56,adaptive_v4,9.1408,0.9536,4.1971,0.9451,+0.90%
2025-12-12 08:22:50,adaptive_v4,9.5294,0.9214,4.7788,0.9074,+1.54%
2025-12-12 08:34:06,adaptive_v4,9.5945,0.9112,4.5376,0.8880,+2.61%
2025-12-12 08:45:09,adaptive_v4,10.4959,0.8729,5.8224,0.8505,+2.63%
2025-12-12 08:56:21,adaptive_v4,10.4381,0.8543,5.0222,0.8531,+0.14%
2025-12-12 09:08:05,adaptive_v4,10.9710,0.9003,5.8333,0.8593,+4.77%
2025-12-12 09:19:28,adaptive_v4,11.2788,0.8627,6.2828,0.8252,+4.55%
2025-12-12 09:31:01,adaptive_v4,10.7047,0.9037,5.0348,0.8806,+2.62%
2025-12-12 09:42:46,adaptive_v4,11.9972,0.8333,6.6349,0.8431,-1.16%
2025-12-12 09:54:56,adaptive_v4,12.1780,0.9251,6.4428,0.8672,+6.68%
2025-12-12 10:06:58,adaptive_v4,12.0944,0.9543,5.6173,0.9504,+0.40%
2025-12-12 10:19:08,adaptive_v4,11.9123,0.9570,5.3332,0.9490,+0.84%
2025-12-12 10:31:37,adaptive_v4,11.9020,0.9728,4.2678,0.9528,+2.10%
2025-12-12 10:43:51,adaptive_v4,12.2563,0.9795,4.6586,0.9573,+2.32%
2025-12-12 10:56:13,adaptive_v4,11.8396,0.9734,4.2056,0.9574,+1.67%
2025-12-12 11:09:12,adaptive_v4,12.0042,0.9802,4.6790,0.9679,+1.27%
2025-12-12 11:22:00,adaptive_v4,12.2883,0.9478,4.2021,0.9415,+0.67%
2025-12-12 11:35:00,adaptive_v4,12.5503,0.9739,3.8655,0.9616,+1.27%
2025-12-12 11:48:39,adaptive_v4,12.6187,0.9577,4.1175,0.9566,+0.11%
2025-12-12 12:02:02,adaptive_v4,12.7868,0.9812,3.6183,0.9767,+0.46%
2025-12-12 12:15:37,adaptive_v4,13.0407,0.9847,3.6883,0.9846,+0.01%
2025-12-12 12:29:43,adaptive_v4,13.2975,0.9974,3.0769,0.9629,+3.58%
2025-12-12 15:12:37,adaptive_v4,15.6120,0.9935,2.8365,0.9776,+1.62%
2025-12-12 15:28:38,adaptive_v4,15.6688,0.9949,2.6923,0.9796,+1.56%
2025-12-12 15:44:08,adaptive_v4,15.7969,0.9980,2.4914,0.9823,+1.60%
2025-12-12 16:00:40,adaptive_v4,16.1307,0.9984,2.6852,0.9824,+1.62%
2025-12-12 16:11:02,adaptive_v4,16.1350,0.9962,2.5021,0.9810,+1.55%
2025-12-12 16:21:02,adaptive_v4,16.2663,0.9992,2.3915,0.9874,+1.19%
2025-12-12 16:31:07,adaptive_v4,16.6434,0.9980,2.3595,0.9874,+1.07%
2025-12-12 16:41:07,adaptive_v4,16.8037,0.9982,2.2495,0.9891,+0.92%
2025-12-12 16:51:07,adaptive_v4,14.2436,0.9765,2.8840,0.9784,-0.20%
2025-12-12 17:01:07,adaptive_v4,16.9418,0.9894,2.6320,0.9867,+0.27%
2025-12-12 17:11:07,adaptive_v4,16.9654,0.9884,2.3618,0.9881,+0.03%
2025-12-12 17:21:07,adaptive_v4,17.1384,0.9877,2.3189,0.9881,-0.04%
2025-12-12 17:31:07,adaptive_v4,17.2341,0.9951,2.3261,0.9881,+0.71%
2025-12-12 17:41:07,adaptive_v4,17.3742,0.9898,2.3855,0.9859,+0.40%
2025-12-12 17:51:07,adaptive_v4,17.3551,0.9898,2.3928,0.9859,+0.40%
2025-12-12 18:01:07,adaptive_v4,17.3740,0.9987,2.2607,0.9859,+1.29%
2025-12-12 18:11:07,adaptive_v4,17.4239,0.9962,2.6402,0.9777,+1.89%
2025-12-12 18:21:07,adaptive_v4,17.5225,0.9967,2.4021,0.9836,+1.33%
2025-12-12 18:31:07,adaptive_v4,17.6153,0.9991,2.3082,0.9819,+1.75%
2025-12-12 18:41:07,adaptive_v4,17.6678,0.9990,2.3103,0.9882,+1.09%
2025-12-12 18:51:07,adaptive_v4,15.0909,0.9999,3.4538,0.9874,+1.27%
2025-12-12 19:01:07,adaptive_v4,17.6001,0.9996,2.4380,0.9883,+1.15%
2025-12-12 19:11:07,adaptive_v4,17.6125,0.9998,2.5665,0.9893,+1.06%
2025-12-12 19:21:07,adaptive_v4,17.6852,0.9996,2.2989,0.9894,+1.03%
2025-12-12 19:31:07,adaptive_v4,17.6329,0.9998,2.1701,0.9933,+0.65%
2025-12-12 19:41:07,adaptive_v4,17.4665,0.9976,2.2987,0.9904,+0.72%
2025-12-12 19:51:07,adaptive_v4,17.4814,0.9994,2.3821,0.9892,+1.03%
2025-12-12 20:01:07,adaptive_v4,17.6751,0.9997,2.2679,0.9892,+1.06%
2025-12-12 20:11:07,adaptive_v4,17.6752,0.9997,2.3327,0.9892,+1.06%
2025-12-12 20:21:07,adaptive_v4,17.8714,0.9997,2.2177,0.9892,+1.06%
2025-12-12 20:31:07,adaptive_v4,17.8711,0.9977,2.4450,0.9938,+0.40%
2025-12-12 20:41:07,adaptive_v4,17.8262,0.9955,2.1749,0.9917,+0.39%
2025-12-12 20:51:07,adaptive_v4,16.6947,0.9978,3.3365,0.9765,+2.18%
2025-12-12 21:01:07,adaptive_v4,18.3075,0.9978,2.4786,0.9925,+0.53%
2025-12-12 21:11:07,adaptive_v4,18.4690,0.9953,2.5347,0.9902,+0.52%
2025-12-12 21:21:07,adaptive_v4,18.3535,0.9974,2.1264,0.9880,+0.95%
2025-12-12 21:31:07,adaptive_v4,16.8489,0.9922,3.6894,0.9767,+1.59%
2025-12-12 21:41:07,adaptive_v4,18.5838,0.9977,2.2149,0.9880,+0.98%
2025-12-12 21:51:07,adaptive_v4,18.7666,0.9999,2.2139,0.9880,+1.20%
2025-12-12 22:01:07,adaptive_v4,18.9049,0.9977,2.2473,0.9924,+0.54%
2025-12-12 22:11:07,adaptive_v4,19.0745,0.9994,2.4218,0.9916,+0.79%
2025-12-12 22:21:07,adaptive_v4,19.1827,0.9994,2.2686,0.9916,+0.79%
2025-12-12 22:31:07,adaptive_v4,19.1502,0.9997,2.3557,0.9943,+0.54%
2025-12-12 22:41:07,adaptive_v4,19.2512,0.9997,2.4322,0.9948,+0.49%
2025-12-12 22:51:07,adaptive_v4,19.0016,0.9931,2.6703,0.9893,+0.38%
2025-12-12 23:01:07,adaptive_v4,19.6077,0.9997,2.0567,0.9947,+0.50%
2025-12-12 23:11:07,adaptive_v4,19.2771,1.0000,2.2423,0.9947,+0.53%
2025-12-12 23:21:07,adaptive_v4,19.2583,1.0000,2.1634,0.9951,+0.49%
2025-12-12 23:31:07,adaptive_v4,18.3629,0.9974,2.9985,0.9941,+0.33%
2025-12-12 23:41:07,adaptive_v4,19.3457,1.0000,2.3900,0.9930,+0.71%
2025-12-12 23:51:07,adaptive_v4,19.2858,1.0000,2.0746,0.9930,+0.71%
2025-12-13 00:01:07,adaptive_v4,19.1719,1.0000,2.5024,0.9953,+0.47%
2025-12-13 00:11:07,adaptive_v4,19.2789,1.0000,2.4811,0.9953,+0.47%
2025-12-13 00:21:07,adaptive_v4,11.2693,0.9554,4.2093,0.9610,-0.59%
2025-12-15 20:24:45,adaptive_v5,8.9387,0.9743,2.8092,0.9511,+2.44%
2025-12-15 20:34:45,adaptive_v5,11.1516,0.9889,2.2517,0.9775,+1.17%
2025-12-15 20:44:45,adaptive_v5,11.2043,0.9892,2.2421,0.9775,+1.20%
2025-12-15 20:54:45,adaptive_v5,11.4365,0.9892,2.6309,0.9774,+1.20%
2025-12-15 21:04:45,adaptive_v5,11.4849,0.9943,2.4789,0.9776,+1.71%
2025-12-15 21:14:45,adaptive_v5,11.6659,0.9939,2.5459,0.9777,+1.66%
2025-12-15 21:24:45,adaptive_v5,11.4258,0.9929,2.4364,0.9751,+1.82%
2025-12-15 21:34:45,adaptive_v5,11.5274,0.9936,2.4807,0.9756,+1.84%
2025-12-15 21:44:45,adaptive_v5,11.4914,0.9931,2.4541,0.9756,+1.80%
2025-12-15 21:54:45,adaptive_v5,11.1522,0.9881,2.3206,0.9693,+1.94%
2025-12-15 22:04:45,adaptive_v5,11.2447,0.9876,2.5118,0.9693,+1.89%
2025-12-15 22:14:45,adaptive_v5,11.2773,0.9882,2.4188,0.9693,+1.95%
